variavel,coef,se_robusto
const,0.999999999999999,3.662456564556167e-17
mulher,-7.027662956779479e-17,1.1722627662895662e-17
negro,9.389190813724468e-17,9.863963106100894e-18
interacao_mulher_negro,-1.041376186672327e-16,1.6538736257574913e-17
log_renda,4.6840074950215554e-17,4.606672645673636e-18
