grupo_sexo_cor,prop_contribui
Homem branco,0.9429349088138759
Homem negro,0.9089643669977565
Mulher branca,0.9140379080018092
Mulher negra,0.8583032663027504
